date,organization,project,zip,cb,cd,amount
2021,19K660 William H. Maxwell CTE High School,SunWorks Hydroponic Lab,11207,5,37,235
2021,19K661 Vista Academy Brooklyn,SunWorks Hydroponic Lab,11208,5,37,175
2021,K383 IS 383 Philippa Schulyer Middle School For The Gifted And Talented,STEM lab,11237,4,37,300
2021,K798 PS 065,Technology,11208,5,37,150
2021,PS 214 The Michael Friedsam School,Hydroponic classroom,11208,5,37,175
2021,PS 599 Brooklyn Landmark Elementary School,STEM lab,11223,16,37,200
2021,"Unified Neighborhood Partners (RiseBoro Community Partnership, Los Sures, United Jewish Organizations of Williamsburg, St. Nicks Alliance)",Affordable housing,11206,1,"33 - Stephen T.Levin",783
2021,K307 PS 307 Daniel Hale Williams,Technology,11201,2,33 - Stephen T. Levin,160
2021,New York City College of Technology (City Tech),STEM lab,11201,2,33 - Stephen T. Levin,500
2021,Northside Town Hall Community and Cultural Center,Construction (improvements to property),11211,1,33 - Stephen T. Levin,250
2021,Pratt Institute,Construction of STEM lab,11205,2,33 - Stephen T. Levin,450
2021,Pratt Institute,Equipment Purchase,11205,2,33 - Stephen T. Levin,500
2021,The DNA Learning Center (DNALC) NYC - Cold Spring Harbor Laboratory,DNA Learning Center NYC Initial Outfitting,11201,2,33 - Stephen T. Levin,450
2021,Voices of Community Activists and Leaders – New York (VOCAL-NY),VOCAL-NY Counseling Center Acquisition Project,11217,6,33 - Stephen T. Levin,600
2021,15K038 The Pacific School,Technology,11217,2,33 - Stephen T. Levin,130
2021,15K429 Digital Arts and Cinema Technology HS,Technology,11201,6,33 - Stephen T. Levin,100
2021,15K592 Khalil Gibran International Academy,Technology,11217,2,33 - Stephen T. Levin,160
2021,84K486 New Dawn Charter High School,A+ Mobile STEM Lab,11217,6,33 - Stephen T. Levin,250
2021,Brooklyn Bridge Park Corporation,Vehicle-rated bollards will be installed at the entrance of the Plaza and along the Pier 1 Entrance,11201,2,33 - Stephen T. Levin,500
2021,Brooklyn Community Arts & Media High School,Water fountain stations,11205,6,33 - Stephen T. Levin,64
2021,Brooklyn Community Arts & Media High School,Bathroom upgrades,11205,6,33 - Stephen T. Levin,150
2021,K031 Samuel F. DuPont,STEM lab,11222,1,33 - Stephen T. Levin,263
2021,K318 IS 318 Eugenio Maria De Hostos,SunWorks Hydroponic Lab,11206,1,33 - Stephen T. Levin,235
2021,K497 The Boerum Hill School For International Studies,A+ Mobile STEM Lab,11201,6,33 - Stephen T. Levin,238
2021,K561 Williamsburg Preparatory School,STEM lab,11211,14,33 - Stephen T. Levin,425
2021,K891 - The Brooklyn STEAM Center at the Navy Yard,Hydroponic classroom and STEM lab,11205,2,33 - Stephen T. Levin,75
2021,14K414 PS 414 Brooklyn Arbor Elementary School,STEM lab,11211,1,34 - Antonio Reynoso,350
2021,K050,STEM lab,11211,1,34 - Antonio Reynoso,300
2021,K123 The Suydam Magnet School For STEAM,STEM lab,11237,4,34 - Antonio Reynoso,240
2021,PS 20 The Clinton Hill School,Hydroponic classroom,11205,2,35 - Laurie A. Cumbo,175
2021,PS 221 Tossaint L'ouverture,STEM lab,11213,17,35 - Laurie A. Cumbo,250
2021,13K020 Clinton Elementary School,SunWorks Hydroponic Lab,11205,4,35 - Laurie A. Cumbo,235
2021,17K352,STEAM LAB,11225,17,35 - Laurie A. Cumbo,500
2021,17K532 New Bridges. Elementary,Technology,11213,8,35 - Laurie A. Cumbo,100
2021,75K753 Brooklyn School For Career Development,Culinary arts classroom and lab,11238,2,35 - Laurie A. Cumbo,500
2021,Brooklyn Museum,Vehicle purchase,11238,9,35 - Laurie A. Cumbo,147
2021,"Digital Girl, Inc.",Bedford Union Armory - DGI Technology Center,11225,9,35 - Laurie A. Cumbo,125
2021,"Jack Arts, Inc",Sound system,11238,2,35 - Laurie A. Cumbo,67
2021,K056 PS56 Lewis Latimer and MS351Urban Assembly Unison,STEM lab,11238,2,35 - Laurie A. Cumbo,250
2021,Pathways to Graduation - Bed-Stuy Referral Center,A+ Mobile STEM Lab,11216,3,"36 - Robert E. Cornegy, Jr.",200
2021,"Pratt Area Community Council, INC. (DBA IMPACCT Brooklyn)",Affordable housing,11221,3,"36 - Robert E. Cornegy, Jr.",500
2021,PS 59 - The William Floyd Elementary School,A+ Mobile STEM Lab,11206,3,"36 - Robert E. Cornegy, Jr.",250
2021,"Selfhelp Community Services, Inc.",Affordable housing,11206,3,"36 - Robert E. Cornegy, Jr.",250
2021,St. Nicks Alliance DeKalb Commons NY HDFC,Affordable housing,11216,3,"36 - Robert E. Cornegy, Jr.",500
2021,16K455 Boys and Girls High School,A+ Mobile STEM Lab,11213,3,"36 - Robert E. Cornegy, Jr.",235
2021,17K138,A+ Mobile STEM Lab,11216,8,"36 - Robert E. Cornegy, Jr.",200
2021,84K649 La Cima Charter School,Technology,11221,3,"36 - Robert E. Cornegy, Jr.",50
2021,84K892 BELA Charter School,Technology,11221,3,"36 - Robert E. Cornegy, Jr.",80
2021,Brooklyn Children's Museum,HVAC,11213,8,"36 - Robert E. Cornegy, Jr.",1000
2021,Brooklyn High School for Leadership and Community Service,Technology,11205,3,"36 - Robert E. Cornegy, Jr.",50
2021,Community Partnership Charter School,Technology,11216,3,"36 - Robert E. Cornegy, Jr.",63
2021,"Comunilife, Inc.",Affordable housing,11206,3,"36 - Robert E. Cornegy, Jr.",500
2021,K016 PS 21 Crispus Attucks Elementary School,Technology,11233,3,"36 - Robert E. Cornegy, Jr.",300
2021,K373-75 The Brooklyn Transition Center,Technology,11206,3,"36 - Robert E. Cornegy, Jr.",115
2021,K492 Academy of Arts & Letters and K305,Technology,11216,3,"36 - Robert E. Cornegy, Jr.",300
2021,K765 HS 765 Nelson Mandela School for Social Justice,"Science lab upgrades, STEM lab",11213,3,"36 - Robert E. Cornegy, Jr.",250
2021,Maimonides Medical Center,Hospital Pediatric ED Imaging Equipment,11219,12,38 - Carlos Menchaca,436
2021,PS 24,STEM lab,11232,17,38 - Carlos Menchaca,200
2021,84K362 Hellenic Classical Charter School,Technology,11215,7,38 - Carlos Menchaca,110
2021,84K730 Summit Academy Charter School,STEM lab,11231,6,38 - Carlos Menchaca,100
2021,"BioBAT, Inc. d/b/a SUNY Research Foundation",BioBAT - Tenant Fit-Out Third Floor,11220,7,38 - Carlos Menchaca,500
2021,K020PS310 The School for Future Leaders,A+ Mobile STEM Lab,11219,10,38 - Carlos Menchaca,159
2021,K088 JHS 088 Peter Rouget,STEM lab,11215,7,38 - Carlos Menchaca,200
2021,K051 MS 51 William Alexander Middle School,Technology,11215,6,39 - Brad Lander,50
2021,K077,Technology,11217,6,39 - Brad Lander,300
2021,K169 PS 169 Sunset Park School,Technology,11232,15,39 - Brad Lander,50
2021,Mercy Procida Owner LLC,Affordable housing,11215,6,39 - Brad Lander,500
2021,PS 372 The Children's School,Playground upgrades,11215,16,39 - Brad Lander,100
2021,PS 39 Henry Bristow,A+ Mobile STEM Lab,11215,16,39 - Brad Lander,250
2021,Women's League Community Residences dba Makor Disability Services,Vehicle purchase,11218,12,39 - Brad Lander,104
2021,Local Development Corporation of East New York,Affordable housing,11233,16,"40 - Alicka Ampry-
Samuel",500
2021,NYC Health + Hospitals/Kings County,Purchase one (1) Tomosynthesis 3D Mammography Unit,11203,9,40 - Mathieu Eugene,500
2021,Prospect Park Alliance,Infrastructure (public spaces/sidewalks),11218,14,40 - Mathieu Eugene,500
2021,K246 Walt Whitman,A+ Mobile STEM Lab,11226,17,40 - Mathieu Eugene,250
2021,PS 40 The George Washington Carver School,Technology,11233,3,"41 - Alicka Ampry-
Samuel",150
2021,23K401,"Hydroponic classroom, STEM lab, Technology",11212,16,41 - Alicka Ampry-Samuel,125
2021,K040 - PS 40 - The George Washington Carver School,Technology,11233,3,41 - Alicka Ampry-Samuel,150
2021,K392,Technology,11212,16,41 - Alicka Ampry-Samuel,275
2021,Key Collegiate Charter School (84K912),"Equipment (this includes initial outfitting), furniture for original outfitting in science lab, gym, classrooms, and performing arts rooms.",11212,16,41 - Alicka Ampry-Samuel,110
2021,"Settlement Housing Fund, Inc.",Affordable housing,11233,8,41 - Alicka Ampry-Samuel,500
2021,19K502 FDNY Captain Vernon A. Richard High School,STEM lab,11207,5,42 - Inez Barron,419
2021,19K507,A+ Mobile STEM Lab,11207,5,42 - Inez Barron,235
2021,19K510 World Academy for Total Community Health HS,A+ Mobile STEM Lab,11207,5,42 - Inez Barron,250
2021,75K004,Technology upgrade of computers/printers/laptop carts/iPads,11207,5,42 - Inez Barron,250
2021,K036 The Nathanael Greene School,Technology,11207,5,42 - Inez Barron,385
2021,K149 PS 149 Danny Kaye Elementary School,A+ Mobile STEM Lab,11207,5,42 - Inez Barron,235
2021,K149 PS 149 Danny Kaye Elementary School,Hydroponic classroom,11207,5,42 - Inez Barron,175
2021,K183 PS 446 Riverdale Avenue Community School,Technology,11206,16,42 - Inez Barron,200
2021,K328 Phillis Wheatley,Hydroponic classroom,11207,5,42 - Inez Barron,175
2021,K662 MS Liberty Avenue Middle School,A+ Mobile STEM Lab,11208,5,42 - Inez Barron,235
2021,K667 PS 938 Elementary School,STEM lab,11208,5,42 - Inez Barron,235
2021,K736 The New American Academy Charter School,Technology,11236,17,42 - Inez Barron,160
2021,K935 MS 935,SunWorks Hydroponic Lab,11208,5,42 - Inez Barron,175
2021,"NYC Health + Hospitals, Gotham Health, East New York",East NY Mammography Replacement,11207,5,42 - Inez Barron,150
2021,The Collegiate Academy for Mathematics and Personal Awareness Charter School,STEM Lab,11207,5,42 - Inez Barron,250
2021,Williams and Georgia Towers HDFC,"Rehabilitation, repairs, and restoration work to address health and safety issues",11207,5,42 - Inez Barron,500
2021,The Dyker Heights Intermediate School,Technology,11228,10,43 - Justin Brannan,200
2021,20K160 PS 160 William T. Sampson,Hydroponic classroom,11219,12,44 - Kalman Yeger,175
2021,King Highway Beautification Association,Curb extensions,11223,14,44 - Kalman Yeger,100
2021,"L'Refuah Medical and Rehabilitation Center, Inc. DBA Ezra Medical Center, Inc.",Initial outfitting,11218,10,44 - Kalman Yeger,500
2021,PS 134K,Technology,11218,14,44 - Kalman Yeger,250
2021,Council of Peoples Organization,"Four wheelchair vans, 15 seaters",11230,14,45 - Farah N. Louis,50
2021,Cultural Academy for the Arts and Sciences,Technology,11203,17,45 - Farah N. Louis,241
2021,IS 382,Technology,11210,14,45 - Farah N. Louis,100
2021,18K563 It Takes a Village Academy,Water fountain stations,11203,17,45 - Farah N. Louis,64
2021,18K563 It Takes a Village Academy,Bathroom upgrades,11203,17,45 - Farah N. Louis,150
2021,K203 PS 203 Floyd Bennett School,STEM lab,11234,18,46 - Alan N. Maisel,200
2021,K278 Marine Park JHS 278,Technology,11229,15,46 - Alan N. Maisel,377
2021,New York City Department of Parks and Recreation - Marine Park,Restoration of park and playground,11229,15,46 - Alan N. Maisel,1000
2021,New York City Department of Parks and Recreation - Powell Park,Restoration of park and playground,11229,15,46 - Alan N. Maisel,1000
2021,21K090,STEM lab,11224,13,47 - Mark Treyger,250
2021,21K303,A+ Mobile STEM Lab,11224,13,47 - Mark Treyger,301
2021,"Community Health Initiatives, Inc.",Initial outfitting,11224,13,47 - Mark Treyger,200
2021,K572 Leaders High School,SunWorks Hydroponic Lab,11214,13,47 - Mark Treyger,175
2021,NYC Health + Hospitals / Coney Island,Endoscopic Ultrasound for GI,11235,13,48 - Chaim M. Deutsch,300
2021,P771K,Technology,11235,15,48 - Chaim M. Deutsch,250
2021,K253 The Magnet School of Multicultural Humanities,Technology,11235,13,48 - Chaim M. Deutsch,300
2021,K811 PS 811K Connie Lekas School,Sun Works Hydroponics and A+ STEM Labs,11235,15,48 - Chaim M. Deutsch,213
2021,"Kings Bay Housing Co, Inc.",Window and heating system upgrades,11235,15,48 - Chaim M. Deutsch,250
2021,Brooklyn Public Library,Dyker branch interior renovations,11238,All community boards,All districts,750
2020,NYC DOT ,Safe Passage to School,10041,7,1-Margaret S. Chin,220
2020,NYC DOT,SAFETY IMPROVEMENT PLAN,10041,1,1-Margaret S. Chin ,500
2020,NYCHA / Marcus Garvey Senior Center,Security Cameras,10007,1,1-Margaret S. Chin ,75
2020,NYPD,Security Cameras,10038,1,1-Margaret S. Chin ,150
2020,Automotive High School ,Make STEAM,11222,1,33-Stephen T. Levin,100
2020,Brooklyn Bridge Park Corporation,Squibb Park Pool,11201,2,33-Stephen T. Levin,1000
2020,Brooklyn Frontiers High School,Technology,11201,2,33-Stephen T. Levin,150
2020,Brooklyn High School Of The Arts,Technology,11217,6,33-Stephen T. Levin,90
2020,"Cadman Towers, Inc. ",New Boilers,11201,2,33-Stephen T. Levin,250
2020,George Westinghouse Career And Technical Education High School,Hydroponic Classroom,11201,2,33-Stephen T. Levin,175
2020,Hispanic Information & Telecommunication Network Inc.,HITN's eco-rooftop studio project,11205,2,33-Stephen T. Levin,1000
2020,The Noel Pointer Foundation,DeGraw Street Firehouse Capital Renovation Project,11231,6,33-Stephen T. Levin,1000
2020,Urban Assembly Institute Of Math And Science For Young Women,Hydroponic Classroom,11201,1,33-Stephen T. Levin,179
2020,Brooklyn Grange LLC,Rooftop Farm Elevator Access  Project **WE ARE NOT A NONPROFIT**,11205,2,33-Stephen T. Levin ,500
2020,FDNY Foundation ,FDNY FireZone,10020,5,33-Stephen T. Levin ,200
2020,The Brooklyn Navy Yard ,Welding Lab,11205,2,33-Stephen T. Levin ,1000
2020,Community Health Network Inc.,Community Healthcare Center - Renovation Project,11206,1,34-Antonio Reynoso,250
2020,Department of Parks and Recreations, Concerned Citizens of Grove Street,11221,4,34-Antonio Reynoso,100
2020,I.S. 347 School Of Humanitie,STEAM lab and tech upgrades,11221,4,34-Antonio Reynoso,300
2020,NYC Health + Hospitals / Woodhull ,Hospital - Parata Robot for Pharmacy,11206,5,34-Antonio Reynoso,250
2020,NYCEDC,Windows,11206,1,34-Antonio Reynoso,500
2020,P.S. 075 Mayda Cortiella,Library Upgrades,11221,4,34-Antonio Reynoso,150
2020,P.S. 196,Electrical System Upgrade,11206,1,34-Antonio Reynoso,200
2020,NYC H+H / Woodhull,Hospital - Parata Robot for Pharmacy,11206,5,34-Antonio Reynoso ,250
2020,NYC H+H / Woodhull,X-Ray Room,11206,5,34-Antonio Reynoso ,17
2020,Southside United HDFC ,Los Sures Healthcare & Housing,11211,1,34-Antonio Reynoso ,1000
2020,"The Bushwick Starr, Inc. ",Theater - Audiovisual Equipment,11237,4,34-Antonio Reynoso ,45
2020,"The Doe Fund, Inc. ",Transitional Residence @ 89 Porter Ave,11237,1,34-Antonio Reynoso ,528
2020,Alliance of Resident Theatres/New York,Elevator Replacement-South Oxford Space,11217,2,35-Laurie A. Cumbo,140
2020,Bedford Courts Local Development Corporation,Bedford Armory Union,11225,9,35-Laurie A. Cumbo,2000
2020,Brooklyn Academy of Music,Renovation of BAM Rose Cinemas,11217,2,35-Laurie A. Cumbo,1000
2020,BROOKLYN ARTS AND SCIENCES,Science Room,11238,8,35-Laurie A. Cumbo,100
2020,Brooklyn Museum,Phone System Upgrade,11238,9,35-Laurie A. Cumbo,381
2020,First Atlantic Terminal Housing Corp.,Installation of new weatherized windows,11217,2,35-Laurie A. Cumbo,500
2020,Hanson Place Church ,Hanson Place Community Plaza,11217,2,35-Laurie A. Cumbo,500
2020,Jackie Robinson School,Lockers,11225,9,35-Laurie A. Cumbo,145
2020,Medgar Evers College Preparatory School ,Science Lab Upgrades,11225,9,35-Laurie A. Cumbo,200
2020,Medgar Evers College Preparatory School ,Science Lab Upgrades,11225,9,35-Laurie A. Cumbo,235
2020,P.S. 046 Edward C. Blum,Technology,11205,2,35-Laurie A. Cumbo,250
2020,P.S. 161 The Crown,Technology,11225,8,35-Laurie A. Cumbo,240
2020,P.S. 241 EMMA L JOHNSTON,SCIENCE LAB UPGRADES,11225,9,35-Laurie A. Cumbo,650
2020,P.S. 241 EMMA L JOHNSTON,AUDITORIUM UPGRADE,11225,9,35-Laurie A. Cumbo,100
2020,P.S. 270 Johann Dekalb ,Mobile Science STEM Cart,11205,2,35-Laurie A. Cumbo,325
2020,"SAGE, Advocacy & Services for LGBT Elders",Ingersoll Senior Residences in Fort Greene,11205,2,35-Laurie A. Cumbo,200
2020,Teunis G. Bergen,Mobile Science STEM Cart,11238,8,35-Laurie A. Cumbo,100
2020,Brooklyn Public Library ,BPL Public Computers Replacement,11238,9,35-Laurie A. Cumbo ,846
2020,"Medgar Evers College, CUNY",Technology,11225,9,35-Laurie A. Cumbo ,1000
2020,Bedford Stuyvesant New Beginnings Charter School,Technology,11206,3,"36-Robert E. Cornegy, Jr.",100
2020,Boys And Girls High School,Hydroponic Classroom,11213,3,"36-Robert E. Cornegy, Jr.",80
2020,Brooklyn Children's Museum,Retaining Wall/Earth Science Playground,11213,8,"36-Robert E. Cornegy, Jr.",500
2020,Brooklyn High School For Law And Technology ,Technology,11221,3,"36-Robert E. Cornegy, Jr.",240
2020,Explore Empower Charter School ,Technology,11213,8,"36-Robert E. Cornegy, Jr.",35
2020,Harmony Park ,Harmony Park,11213,3,"36-Robert E. Cornegy, Jr.",50
2020,Interfaith Medical Center ,Mobile Markets Vehicle Equipment ,11213,3,"36-Robert E. Cornegy, Jr.",117
2020,J.H.S. 057 Whitelaw Reid ,Technology,11221,3,"36-Robert E. Cornegy, Jr.",350
2020,"M.S. 267 Math, Science & Technology ",Mobile Science STEM Cart,11221,3,"36-Robert E. Cornegy, Jr.",325
2020,M.S. 394 ,Science Lab Upgrades,11213,8,"36-Robert E. Cornegy, Jr.",200
2020,M.S. 394 ,Technology,11213,8,"36-Robert E. Cornegy, Jr.",150
2020,NYCHA / Tompkins Houses ,Community Center,11206,3,"36-Robert E. Cornegy, Jr.",50
2020,"Pratt Area Community Council, Inc. d/b/aIMPACCT Brooklyn ",Senior Residence 811 Lexington,11221,3,"36-Robert E. Cornegy, Jr.",500
2020,"Selfhelp Community Services, Inc.",The Arium at Sumner,11206,3,"36-Robert E. Cornegy, Jr.",500
2020,"Selfhelp Community Services, Inc.",The Arium at Sumner,11206,3,"36-Robert E. Cornegy, Jr.",500
2020,The Jewish Board of Family & Children's Services ,Vehicles- Domestic Violence,11206,3,"36-Robert E. Cornegy, Jr.",53
2020,Washington Temple Church in God of Christ ,Washington Temple NCP ,11216,8,"36-Robert E. Cornegy, Jr.",500
2020,African American Planning Commission,Glenmore Manor/Brownsville HUB,11212,16,37-Rafael L. Espinal Jr.,1000
2020,J.H.S. 291 Roland Hayes ,Mobile Science STEM Cart,11221,4,37-Rafael L. Espinal Jr.,300
2020,Love Fellowship Tabernacle ,2435 Pacific Street,11233,16,37-Rafael L. Espinal Jr.,500
2020,P.S./I.S. 045 Horace E. Greene ,Technology,11207,4,37-Rafael L. Espinal Jr.,350
2020,The Brooklyn School For Social Justice,Technology,11237,4,37-Rafael L. Espinal Jr.,250
2020,The Urban Assembly School For Collaborative Healthcare,Science Lab Upgrades,11208,5,37-Rafael L. Espinal Jr.,80
2020,"Fifth Avenue Committee, Inc ",FAC 6309 Fourth Avenue,11220,7,38-Carlos Menchaca,500
2020,Green-Wood Historic Fund,Education & Welcome Center,11232,7,38-Carlos Menchaca,500
2020,Red Hook Community Farm,Red Hook Community Farm,11231,6,38-Carlos Menchaca,100
2020,The Yaldeinu School,Transportation - Buses,11204,11,38-Carlos Menchaca,88
2020,P.S. 001 ,Technology,11238,7,38-Carlos Menchaca ,386
2020,"Brooklyn Youth Chorus Academy, Inc. ","HVAC Upgrade, Roof Replacement and Façade Restoration",11201,6,39-Brad Lander,1000
2020,Department of Parks and Recreations,Water Spigot,11215,16,39-Brad Lander,60
2020,Department of Parks and Recreations,Prospect Expressway Sitting Area,11215,6,39-Brad Lander,360
2020,Department of Parks and Recreations,Power Playground,11215,6,39-Brad Lander,1000
2020,P.S. 058 The Carroll,Hydroponic Classroom,11231,6,39-Brad Lander,175
2020,P.S. 058 The Carroll,Hydroponic Classroom,11231,6,39-Brad Lander,100
2020,Park Slope Collegiate,Technology,11215,6,39-Brad Lander,180
2020,P.S. 130 The Parkside,roof top garden and hydroponic classroom,11218,7,39-Brad Lander ,565
2020,Academy Of Hospitality and Tourism,Kitchen Renovation/Upgrade,11226,14,40-Mathieu Eugene,1200
2020,Department of Parks and Recreations,Umma Park rehabilitation,11226,14,40-Mathieu Eugene,600
2020,DR. GLADSTONE H. ATWELL MIDDLE SCHOOL,(no data),11225,9,40-Mathieu Eugene,300
2020,NYC Health + Hospitals / Kings County ,Hospital Tomosynthesis 3D Mammography Units,11203,9,40-Mathieu Eugene,500
2020,NYC Health + Hospitals / McKinney,Technology,11203,9,40-Mathieu Eugene,239
2020,P.S. 092 Adrian Hegeman ,Science Lab Upgrades,11226,9,40-Mathieu Eugene,100
2020,Prospect Park Alliance ,Parkside Perimeter,"11218, 11226",14,40-Mathieu Eugene,1000
2020,SUNY Health Science Center at Brooklyn ,University Hospital of Brooklyn - Telemetry Equipment,11203,17,40-Mathieu Eugene,289
2020,East Brooklyn Community High School ,Science Lab Upgrades,11212,17,41-Alicka Ampry-Samuel,100
2020,Frederick Douglass Academy Vii High School ,Mobile Science STEM Cart,11212,16,41-Alicka Ampry-Samuel,165
2020,Frederick Douglass Academy Vii High School ,Hydroponic Classroom,11212,16,41-Alicka Ampry-Samuel,175
2020,Habitat for Humanity NYC Inc ,Habitat Brownsville-Weeksville Project,10038,3,41-Alicka Ampry-Samuel,285
2020,"K284 The Gregory Jocko Jackson School Of Sports, Art, And Technology",Gymnasium Upgrade,11212,16,41-Alicka Ampry-Samuel,155
2020,P.S. 323 ,Bathroom Upgrades,11212,16,41-Alicka Ampry-Samuel,60
2020,P.S. K753 - School For Career Development ,Technology,11203,18,41-Alicka Ampry-Samuel,210
2020,East New York Middle School Of Excellence ,Hydroponic Classroom ,11208,5,42-Inez Barron,225
2020,"NYC Health + Hospitals / Gotham Health, East New York",Mammography Unit,11207,2,42-Inez Barron,297
2020,P.S 190 Sheffield ,Hydroponic Classroom,11207,5,42-Inez Barron,225
2020,P.S. 158 Warwick ,Hydroponic Classroom,11207,5,42-Inez Barron,225
2020,P.S. 174 The Dumont School,Library Upgrades,11207,5,42-Inez Barron,50
2020,P.S. 224 Hale A. Woodruff,Technology,11208,5,42-Inez Barron,112
2020,Riverdale Avenue Community School ,Mobile Science STEM Cart ,11212,16,42-Inez Barron,75
2020,The Uft Charter School,Mobile Science STEM Cart,11207,5,42-Inez Barron,319
2020,Van Siclen Community Middle School ,Science Lab Upgrades,11207,5,42-Inez Barron,600
2020,Department of Parks and Recreations,Trees and Tree Guards at Owls Head Park,11220,10,43-Justin Brannan,100
2020,J.H.S. 259 William Mckinley,Technology,11228,10,43-Justin Brannan,250
2020,P.S. 102 The Bayview ,Mobile Science STEM Cart,11209,10,43-Justin Brannan,350
2020,60P.S. 176 Ovington,Technology,11219,10,43-Justin Brannan,60
2020,P.S./I.S. 30 ,Technology,11209,10,43-Justin Brannan ,165
2020,Hatzoloh Incorporated,Purchase of New Ambulance,11230,14,44-Kalman Yeger,200
2020,P.S. 160 William T. Sampson ,Mobile Science STEM Cart,11219,12,44-Kalman Yeger,439
2020,"SBH Community Service Network, Inc. ",Social Service Organization Building,11223,15,44-Kalman Yeger,500
2020,The Academy Of Talented Scholars,Mobile Science STEM Cart,11204,11,44-Kalman Yeger,250
2020,Urban Assembly School For Criminal Justice,Technology,11204,12,44-Kalman Yeger,70
2020,Brooklyn College,Main Quad Restoration,11210,14,45-Farah N. Louis,1000
2020,Brooklyn Generation,Technology,11236,18,45-Farah N. Louis,200
2020,"Council of People's Organizations, Inc.,",Building Upgrades for Outreach services,11230,14,45-Farah N. Louis,1000
2020,Lamad Academy Charter School,Technology,11236,18,45-Farah N. Louis,250
2020,P.S. 181,Hydroponic Classroom,11203,17,45-Farah N. Louis,175
2020,P.S. 181,Mobile Science STEM Cart,11203,17,45-Farah N. Louis,75
2020,Academy For Conservation and the Environment,Hydroponic Classroom,11236,18,46-Alan N. Maisel,500
2020,Academy For Conservation and the Environment,Technology,11236,18,46-Alan N. Maisel,135
2020,Urban Action Academy ,Technology,11236,18,46-Alan N. Maisel ,50
2020,P.S. 212 Lady Deborah Moody ,Hydroponic Classroom,11214,13,47-Mark Treyger,200
2020,Wildlife Conservation Society - New York Aquarium,New York Aquarium -- Walrus Life Support Systems at Sea Cliffs,11224,13,47-Mark Treyger ,500
2020,"Brighton House, Inc.",Security Upgrade,11235,13,48-Chaim M. Deutsch,200
2020,P.S. 209 ,Mobile Science STEM Cart,11235,13,48-Chaim M. Deutsch,357
2020,P.S. K811 Connie Lekas School ,Auditorium Upgrade,11235,15,48-Chaim M. Deutsch,125
2020,New York Blood Center,New York Blood Center - Sickle Cell Disease Clean Room,10065,8,5-Ben Kallos,272
2020,NYC DOT,DRI Safety Improvements,11201,All borough,All borough,500
2020,NYC DOT ,Bus countdown clocks,,All borough,All borough,100
2020,NYC DOT,Bus countdown clocks,,All borough,All borough,100
2019,"The Floating Hospital, Inc.",Vehicle Purchase,(no data),All borough,26-Jimmy Van Bramer,52
2019,The American National Red Cross dba American Red Cross in Greater New York,Vehicle Purchase,10019,All borough,3-Corey Johnson,125
2019,"
Brooklyn Historical Society",Technology,11201,2,33-Stephen T. Levin,53
2019,CUNY New York City College of Technology,Science Lab Upgrades,11201,2,33-Stephen T. Levin,400
2019,Dock Street School,Technology,11201,2,33-Stephen T. Levin,35
2019,Hispanic Information and Telecommunication Network Inc,Technology,11205,2,33-Stephen T. Levin,500
2019,"ISSUE Project Room, Inc.",Auditorium,11201,2,33-Stephen T. Levin,455
2019,Juan Morel Campos Secondary School,Playground Upgrade,11206,1,33-Stephen T. Levin,250
2019,New York University,Technology,11201,2,33-Stephen T. Levin,981
2019,Northside Charter High School,Technology,11222,1,33-Stephen T. Levin,35
2019,NYC DOE Brooklyn STEAM Center,Technology,11205,2,33-Stephen T. Levin,5000
2019,NYC Parks - Brooklyn Bridge Park,Park Improvement,11201,2,33-Stephen T. Levin,500
2019,NYC Parks - Commodore Barry Park,Park Improvement,11201,2,33-Stephen T. Levin,500
2019,NYC Parks - Schenck Playground,Park Improvement,11211,1,33-Stephen T. Levin,500
2019,P.S. 261 Philip Livingston,A+ Mobile Science STEM Cart,11201,2,33-Stephen T. Levin,62
2019,P.S. 380 John Wayne Elementary,National Wildlife Federation Outdoor Classroom,11206,1,33-Stephen T. Levin,150
2019,P.S./ I.S. 157 The Benjamin Frankin Health & Science Academy 850 Kent Avenue,Technology,11216,3,33-Stephen T. Levin,35
2019,"Roulette Intermedium, Inc.",Technology,11217,2,33-Stephen T. Levin,42
2019,School For International Studies,Kitchen Renovation/Upgrade,11201,6,33-Stephen T. Levin,62
2019,"Science Skills Center High School For Science, Technology And The Creative Arts",Technology,11201,13,33-Stephen T. Levin,35
2019,Williamsburg High School For Architecture And Design,Technology,11211,1,33-Stephen T. Levin,35
2019,East River State Park Parkhouse,Park Improvement,11211,1,33-Stephen T. Levin ,325
2019,P.S. 147 Isaac Remsen,A+ Mobile Science STEM Cart,(no data),1,34-Antonio Reynoso,62
2019,Conselyea Preparatory School,Technology,11211,1,34-Antonio Reynoso,35
2019,East Williamsburg Scholars Academy,A+ Mobile Science STEM Cart,11211,13,34-Antonio Reynoso,62
2019,Lyons Community School,Technology,11206,1,34-Antonio Reynoso,70
2019,P.S. 084 Jose De Diego,A+ Mobile Science STEM Cart ,11249,1,34-Antonio Reynoso,124
2019,P.S. 145 Andrew Jackson,Technology,11206,4,34-Antonio Reynoso,35
2019,P.S. 250 George H. Lindsay,National Wildlife Federation Outdoor Classroom,11206,1,34-Antonio Reynoso,100
2019,P.S. 274 Kosciusko,Technology,11221,4,34-Antonio Reynoso,35
2019,P.S. 299,Technology,11221,4,34-Antonio Reynoso,100
2019,P.S. 376,Technology,11237,4,34-Antonio Reynoso,62
2019,Progress High School For Professional Careers,Athletic Field Upgrade,11211,1,34-Antonio Reynoso,500
2019,Southside United HDFC,Vehicle Purchase,11211,1,34-Antonio Reynoso,45
2019,Southside United HDFC,Technology,11211,1,34-Antonio Reynoso,45
2019,Young Women's Leadership School Of Brooklyn,Technology,11206,1,34-Antonio Reynoso,35
2019,"Brooklyn Academy of Music, Inc.",Auditorium Upgrade,11217,2,35-Laurie A. Cumbo,500
2019,Brooklyn Museum,Park Improvement,11238,9,35-Laurie A. Cumbo,181
2019,Brooklyn Public Library,Technology,11238,8,35-Laurie A. Cumbo,1500
2019,Hanson Place Church Support Corporation,Affordable Housing,11207,2,35-Laurie A. Cumbo,500
2019,I.S. 340,A+ Mobile Science STEM Cart,11238,8,35-Laurie A. Cumbo,62
2019,International High School At Prospect Heights,Technology,11225,17,35-Laurie A. Cumbo,35
2019,M.S. 113 Ronald Edmonds Learning Center,Technology,11205,2,35-Laurie A. Cumbo,35
2019,P.S. 009 Teunis G. Bergen,Auditorium Upgrade,11238,8,35-Laurie A. Cumbo,75
2019,P.S. 221 Toussaint L'Ouverture,Technology,11213,9,35-Laurie A. Cumbo,35
2019,P.S. 241 Emma L. Johnston 976 President Street,Technology,11225,17,35-Laurie A. Cumbo,35
2019,P.S. 316 Elijah Stroud,A+ Mobile Science STEM Cart,11238,17,35-Laurie A. Cumbo,90
2019,P.S. 67 Charles A. Dorsey,Technology,11205,2,35-Laurie A. Cumbo,35
2019,P.S. 9,Auditorium Upgrade,11238,8,35-Laurie A. Cumbo,100
2019,P.S. 056 Lewis H. Latimer,Technology,11238,2,35-Laurie A.Cumbo,35
2019,P.S. 081 Thaddeus Stevens,Hydroponic Classroom,11221,16,"36-Robert E. Cornegy, Jr.",175
2019,P.S. 335 Granville T. Woods,Technology,11213,8,"36-Robert E. Cornegy, Jr.",35
2019,P.S. 44 Marcus Garvey,Technology,11221,3,"36-Robert E. Cornegy, Jr.",35
2019,Bedford Stuyvesant Restoration Corporation,Building Maintenance,11216,3,"36-Robert E. Cornegy, Jr.",2200
2019,Brooklyn Brownstone School,Technology,11233,3,"36-Robert E. Cornegy, Jr.",62
2019,Brooklyn Children's Museum,Auditorium Upgrade,11213,8,"36-Robert E. Cornegy, Jr.",250
2019,NYC DOT,Building Maintenance ,11216,3,"36-Robert E. Cornegy, Jr.",750
2019,NYC Parks - Charlie's Place,Park Improvement,11206,3,"36-Robert E. Cornegy, Jr.",500
2019,P.S. 021 Crispus Attucks,A+ Mobile Science STEM Cart,11233,3,"36-Robert E. Cornegy, Jr.",225
2019,P.S. 023,Technology,11206,3,"36-Robert E. Cornegy, Jr.",100
2019,P.S. 023 Carter G. Woodson,Technology,11206,3,"36-Robert E. Cornegy, Jr.",225
2019,P.S. 025 Eubie Blake School,A+ Mobile Science STEM Cart,11221,3,"36-Robert E. Cornegy, Jr.",62
2019,P.S. 093 William H. Prescott,Technology,11216,3,"36-Robert E. Cornegy, Jr.",35
2019,P.S. 256 Benjamin Banneker,A+ Mobile Science STEM Cart,11216,3,"36-Robert E. Cornegy, Jr.",62
2019,P.S. 262 El Hajj Malik El Shabazz,A+ Mobile Science STEM Cart,11233,3,"36-Robert E. Cornegy, Jr.",62
2019,P.S. 297 Abraham Stockton,NWF Outdoor Classroom,11206,3,"36-Robert E. Cornegy, Jr.",175
2019,P.S. 373 - Brooklyn Transition Center,Hydroponic Classroom,11206,3,"36-Robert E. Cornegy, Jr.",175
2019,The Brooklyn Academy Of Global Finance,Technology,11221,3,"36-Robert E. Cornegy, Jr.",35
2019,The School Of Integrated Learning,Bathroom Upgrades,11213,8,"36-Robert E. Cornegy, Jr.",75
2019,P.S. /I.S. 384 Frances E. Carter,A+ Mobile Science STEM Cart,11207,4,37-Rafael L. Espinal Jr.,124
2019,Catholic Charities Progress of Peoples Development Corporation,Technology,11233,16,37-Rafael L. Espinal Jr.,526
2019,Academy Of Innovative Technology,Technology,11208,5,37-Rafael L. Espinal Jr.,62
2019,Aspirations Diploma Plus High School,A+ Mobile Science STEM Cart,11233,16,37-Rafael L. Espinal Jr.,62
2019,Brooklyn Environmental Exploration School (Bees),A+ Mobile Science STEM Cart,11233,16,37-Rafael L. Espinal Jr.,225
2019,I.S. 171 Abraham Lincoln,A+ Mobile Science STEM Cart,11208,5,37-Rafael L. Espinal Jr.,225
2019,J.H.S. 383 Philippa Schuyler,Technology,11221,4,37-Rafael L. Espinal Jr.,35
2019,K377,Technology,11221,4,37-Rafael L. Espinal Jr.,35
2019,Love Fellowship Tabernacle,Affordable Housing,11233,16,37-Rafael L. Espinal Jr.,1000
2019,Multicultural High School,A+ Mobile Science STEM Cart,11208,5,37-Rafael L. Espinal Jr.,62
2019,P.S. 106 Edward Everett Hale,A+ Mobile Science STEM Cart ,11221,4,37-Rafael L. Espinal Jr.,62
2019,P.S. 108 Sal Abbracciamento,Technology,11208,5,37-Rafael L. Espinal Jr.,35
2019,P.S. 116 Elizabeth L Farrell,A+ Mobile Science STEM Cart ,11237,4,37-Rafael L. Espinal Jr.,62
2019,P.S. 151 Lyndon B. Johnson 763 Knickerbocker Avenue,Technology,11207,4,37-Rafael L. Espinal Jr.,35
2019,P.S. 158 Warwick,Technology,11207,5,37-Rafael L. Espinal Jr.,225
2019,P.S. 158 Warwick 400 Ashford Street,Technology,11207,5,37-Rafael L. Espinal Jr.,35
2019,P.S. 290 Juan Morel Campos,A+ Mobile Science STEM Cart,11207,5,37-Rafael L. Espinal Jr.,225
2019,P.S. 298 Dr. Betty Shabazz,Technology,11212,16,37-Rafael L. Espinal Jr.,35
2019,P.S. 345 Patrolman Robert Bolden,A+ Mobile Science STEM Cart,11208,5,37-Rafael L. Espinal Jr.,62
2019,The Academy Of Urban Planning And Engineering,Technology,11237,14,37-Rafael L. Espinal Jr.,35
2019,The Brooklyn School For Math And Research,Technology,11237,4,37-Rafael L. Espinal Jr.,35
2019,P.S. 376,A+ Mobile Science STEM Cart,11237,4,37-Rafael L.Espinal Jr.,150
2019,Transit Tech Career And Technical Education High School,Technology,11208,5,37-Rafael L.Espinal Jr.,35
2019,Trey Whitfield School,Technology,11207,5,37-Rafael L.Espinal Jr.,102
2019,Vista Academy,A+ Mobile Science STEM Cart,11208,5,37-Rafael L.Espinal Jr.,225
2019,P.S. 169 Sunset Park,Technology,11232,7,38-Carlos Menchaca,35
2019,Brooklyn Urban Garden Charter School,Technology,11215,7,38-Carlos Menchaca,35
2019,New Voices School Of Academic & Creative Arts,Playground Upgrade,11215,7,38-Carlos Menchaca,325
2019,P.S. 105 The Blythebourne,A+ Mobile Science STEM Cart,11219,12,38-Carlos Menchaca,62
2019,P.S. 15 Patrick F. Daly,Hydroponic Classroom,11231,6,38-Carlos Menchaca,175
2019,P.S. 371 - Lillian L. Rashkis,Technology,11232,7,38-Carlos Menchaca,70
2019,P.S. 94,Technology,11220,7,38-Carlos Menchaca,100
2019,Red Hook Neighborhood School,Technology,11231,6,38-Carlos Menchaca,70
2019,Summit Academy Charter Middle School,A+ Mobile Science STEM Cart,11231,6,38-Carlos Menchaca,100
2019,Target Margin Theate,Technology,11220,7,38-Carlos Menchaca,66
2019,The Christa Mcauliffe School,Hydroponic Classroom,11219,10,38-Carlos Menchaca,175
2019,P.S. 69 Vincent D. Grippo School 6,Technology,11220,10,38-CarlosMenchaca,35
2019,Albemarle Playground,Park Improvement,11218,12,39-Brad Lander,100
2019,Brooklyn New School,A+ Mobile Science STEM Cart,11231,6,39-Brad Lander,500
2019,Brooklyn Secondary School For Collaborative Studies,A+ Mobile Science STEM Cart,11231,6,39-Brad Lander,225
2019,John Jay School For Law,Technology,11215,6,39-Brad Lander,35
2019,M.S. 51 William Alexander,Technology,11215,6,39-Brad Lander,35
2019,NYC Parks - Bushwick Inlet Park,Land Acquisition,11226,14,39-Brad Lander,1000
2019,NYC Parks - Prospect Park Alliance,Roadway Improvement,11226,14,39-Brad Lander,1000
2019,P.S. 029 John M. Harrigan,Technology,11201,6,39-Brad Lander,35
2019,P.S. 131 Brooklyn,A+ Mobile Science STEM Cart ,11219,12,39-Brad Lander,62
2019,P.S. 282 Park Slope,Technology,11217,6,39-Brad Lander,35
2019,P.S. 321 William Penn,Technology,11215,6,39-Brad Lander,190
2019,Shema Kolainu,Building Maintenance,11219,12,39-Brad Lander,1000
2019,The Windsor Terrace School,A+ Mobile Science STEM Cart,11215,7,39-Brad Lander,62
2019,P.S. 092 Adrian Hegeman,STEM/Robotics,11226,9,40-Mathieu Eugene,35
2019,"Science, Technology And Research Early College High School At Erasmus",Hydroponic Classroom,11226,14,40-Mathieu Eugene,175
2019,Brooklyn Institute For Liberal Arts,Technology,11203,9,40-Mathieu Eugene,35
2019,High School For Service & Learning At Erasmus,Technology,11226,14,40-Mathieu Eugene,200
2019,High School For Youth And Community Development At Erasmus ,Erasmus Restoration Project Phase II,11226,14,40-Mathieu Eugene,400
2019,M.S. 2,Building Maintenance,11226,9,40-Mathieu Eugene,100
2019,Middle School 890,Hydroponic Classroom,11218,12,40-Mathieu Eugene,175
2019,Norma Adams Clemons Academy,A+ Mobile Science STEM Cart,11226,17,40-Mathieu Eugene,124
2019,P.S. 397 Foster-Laurie,Technology,11203,9,40-Mathieu Eugene,35
2019,Parkside Prepatory Academy,Technology,11226,9,40-Mathieu Eugene,62
2019,"NYCHA - Howard Houses TenantCouncil, Inc .",Technology,11212,16,41-Alicka,300
2019,P.S. 040 George W. Carver,"A+ Mobile Science STEM 
Cart",11233,3,41-Alicka Ampry- Samuel,500
2019,P.S. 150 Christopher,A+ Mobile Science STEM Cart,11212,16,41-Alicka Ampry- Samuel,225
2019,P.S. 156 Waverly. School,Technology,11212,16,41-Alicka Ampry- Samuel,62
2019,P.S. 189 The Bilingual Center,A+ Mobile Science STEM Cart,11212,17,41-Alicka Ampry- Samuel,62
2019,P.S. 219 Kennedy-King,Hydroponic Classroom,11212,5,41-Alicka Ampry- Samuel,175
2019,P.S. 298 Dr. Betty Shabazz,A+ Mobile Science STEM Cart,11212,16,41-Alicka Ampry- Samuel,225
2019,P.S. 309 The George E. Wibecan Prepatory Academy,A+ Mobile Science STEM Cart,11221,3,41-Alicka Ampry- Samuel,62
2019,P.S. 327 Dr. Rose B. English,A+ Mobile Science STEM Cart,11212,16,41-Alicka Ampry- Samuel,225
2019,P.S. 91 The Albany Avenue School,A+ Mobile Science STEM Cart,11203,17,41-Alicka Ampry- Samuel,62
2019,P.S. 178 Saint Clair Mckelway ,A+ Mobile Science STEM Cart,11233,16,41-Alicka Ampry- Samuel,225
2019,P.S. 235 Janice Marie Knight School,Technology,11203,17,41-Alicka Ampry- Samuel,35
2019,"Brooklyn Bureau of Community Service, d/b/a Brooklyn Community Services (BCS)",Vehicle Purchase,11233,16,41-Alicka Ampry-Samuel,250
2019,Brooklyn High School For Law And Technology,Technology,11221,3,41-Alicka Ampry-Samuel,35
2019,Dr. Jacqueline Peek-Davis School,"A+ Mobile Science STEM 
Cart",11233,17,41-Alicka Ampry-Samuel,175
2019,Eagle Academy For Young Men II,A+ Mobile Science STEM Cart,11233,16,41-Alicka Ampry-Samuel,225
2019,I.S. 392,A+ Mobile Science STEM Cart,11212,16,41-Alicka Ampry-Samuel,225
2019,Key Collegiate Charter School,Technology,11212,16,41-Alicka Ampry-Samuel,104
2019,New Heights Middle School,Technology,11203,9,41-Alicka Ampry-Samuel,35
2019,P.S. 005 Dr. Ronald Mcnair,Auditorium Upgrade,11233,3,41-Alicka Ampry-Samuel,62
2019,P.S. 040 George W. Carver,"A+ Mobile Science STEM 
Cart",11233,3,41-Alicka Ampry-Samuel,124
2019,P.S./ I.S. 155 Nicholas Herkimer,A+ Mobile Science STEM Cart,11233,16,41-Alicka Ampry-Samuel,225
2019,P.S./I.S. 323,A+ Mobile Science STEM Cart,11212,16,41-Alicka Ampry-Samuel,225
2019,P.S. 233 Langston Hughes,Technology,11236,17,42-Inez Barron,62
2019,Academy For Young Writers,Technology,11239,5,42-Inez Barron,35
2019,Animal Care Centers of NYC,Technology,11208,5,42-Inez Barron,175
2019,Brooklyn Gardens Elementary School,A+ Mobile Science STEM Cart,11207,5,42-Inez Barron,225
2019,East New York Family Academy,Technology,11207,5,42-Inez Barron,35
2019,Frederick Douglass Academy Viii Middle School,A+ Mobile Science STEM Cart,11239,5,42-Inez Barron,225
2019,I.S. 364 Gateway,A+ Mobile Science STEM Cart,11239,5,42-Inez Barron,225
2019,I.S. 364 Gateway,Technology,11239,5,42-Inez Barron,35
2019,James P. Sinnott,Technology,11208,5,42-Inez Barron,35
2019,JHS 218,Technology,11208,5,42-Inez Barron,225
2019,K504 High School For Civil Rights 400 Pennsylvania Avenue,Technology,11207,5,42-Inez Barron,35
2019,Kappa V (Knowledge And Power Preparatory Academy),Technology,11212,16,42-Inez Barron,225
2019,Knowledge And Power Preparatory Academy,Technology,11212,16,42-Inez Barron,35
2019,Margaret S. Douglas Middle School,A+ Mobile Science STEM Cart,11207,5,42-Inez Barron,225
2019,P.S. 13 Roberto Clemente,A+ Mobile Science STEM Cart,11207,5,42-Inez Barron,225
2019,P.S. 159 Isaac Pitkin,Technology,11208,5,42-Inez Barron,35
2019,P.S. 184 Newport,A+ Mobile Science STEM Cart,11212,16,42-Inez Barron,225
2019,P.S. 184 Newport,A+ Mobile Science STEM Cart,11212,16,42-Inez Barron,62
2019,P.S. 202 Ernest S. Jenkyns,A+ Mobile Science STEM Cart,11208,5,42-Inez Barron,225
2019,P.S. 213 New Lots,Gymnasium Upgrade,11207,13,42-Inez Barron,225
2019,P.S. 224 Hale A. Woodruff,A+ Mobile Science STEM Cart,11208,5,42-Inez Barron,225
2019,P.S. 273 Wortman,A+ Mobile Science STEM Cart,11207,5,42-Inez Barron,62
2019,P.S. 306 Ethan Allen,Technology,11207,5,42-Inez Barron,62
2019,P.S. 328 Phyllis Wheatley 330 Alabama Avenue,Technology,11207,5,42-Inez Barron,35
2019,P.S. 66,Technology,11236,18,42-Inez Barron,35
2019,Riverdale Avenue Community School,A+ Mobile Science STEM Cart,11212,16,42-Inez Barron,225
2019,School Of The Future Brooklyn,A+ Mobile Science STEM Cart,11207,5,42-Inez Barron,225
2019,The Brookdale Hospital Medical Center,Medical Equipment,11212,5,42-Inez Barron,339
2019,The Fresh Creek School,Technology,11207,5,42-Inez Barron,225
2019,"The School For Classics: An Academy Of Thinkers, Writers And Performers",A+ Mobile Science STEM Cart,11208,5,42-Inez Barron,62
2019,Fort Hamilton High School,Athletic Field,11209,10,43-Justin Brannan,250
2019,J.H.S. 259 William McKinley,Technology,11228,10,43-Justin Brannan,35
2019,NYC Parks - Bike Path,Roadway Improvement,11209,10,43-Justin Brannan,500
2019,P.S. 176 Ovington,Hydroponic Classroom,11219,10,43-Justin Brannan,175
2019,P.S. 185 Walter Kassenbrock,Technology,11209,10,43-Justin Brannan,35
2019,P.S. 185 Walter Kassenbrock,Technology,11209,10,43-Justin Brannan,150
2019,P.S. 231,Technology,11223,14,43-Justin Brannan,35
2019,P.S. 264 Bay Ridge Elementary School For The Arts,Technology,11209,10,43-Justin Brannan,35
2019,P.S. 748,A+ Mobile Science STEM Cart,11214,11,43-Justin Brannan,62
2019,P.S. 048 Mapleton,Technology,11204,11,44-Kalman Yeger,35
2019,Franklin Delano Roosevelt High School 5,Technology,11204,12,44-Kalman Yeger,35
2019,Hatzoloh Incorporated,Vehicle Purchase,11230,12,44-Kalman Yeger,200
2019,P.S. 134,Sidewalk extensions,11218,12,44-Kalman Yeger,50
2019,P.S. 177 The Marlboro,Technology,11204,11,44-Kalman Yeger,35
2019,The Brooklyn School Of Inquiry,Rooftop Greenhouse,11204,11,44-Kalman Yeger,123
2019,"BEL Community Housing, LLC",Technology,11210,17,45-Farah N. Louis,500
2019,I.S. 381,Technology,11210,6,45-Farah N. Louis,35
2019,It Takes A Village Academy,Auditorium Upgrade,11203,17,45-Farah N. Louis,35
2019,NYC Parks - Paedegat Park,Park Improvement,11210,17,45-Farah N. Louis,500
2019,NYC Parks - UMMA Park Brooklyn Community Board 14,Park Improvement,11230,14,45-Farah N. Louis,250
2019,P.S. 193,Building Maintenance,11210,17,45-Farah N. Louis,100
2019,P.S. 208 Elsa Ebeling,A+ Mobile Science STEM Cart,11203,17,45-Farah N. Louis,62
2019,P.S. 315,A+ Mobile Science STEM Cart,11210,14,45-Farah N. Louis,62
2019,School Of Science & Technology,Technology,11210,17,45-Farah N. Louis,35
2019,P.S. 114 Ryder Elementary,Technology,11236,18,46-Alan N. Maisel,35
2019,P.S. 115 Daniel Mucatel School,Technology,11236,18,46-Alan N. Maisel,62
2019,P.S. 279 Herman Schreiber,A+ Mobile Science STEM Cart,11236,18,46-Alan N. Maisel,225
2019,P.S. 312 Bergen Beach,NWF Outdoor Classroom,11236,18,46-Alan N. Maisel,1000
2019,Abraham Lincoln High School,Technology,11235,14,47-Mark Treyger,35
2019,Expeditionary Learning School For Community Leaders,Technology,11214,13,47-Mark Treyger,35
2019,Hebrew Language Academy Charter School-2 (Hla2),Technology,11223,11,47-Mark Treyger,250
2019,I.S. 281,Auditorium Upgrade,11214,13,47-Mark Treyger,100
2019,NYC Parks - Scarangella Playground ,Park Improvement,11223,13,47-Mark Treyger,250
2019,P.S. 90 Edna Cohen School,Technology,11224,13,47-Mark Treyger,35
2019,Shore Front Council Housing Development Fund Corporation,Affordable Housing,11224,13,47-Mark Treyger,250
2019,Surfgate Housing Development Fund Corporation,Affordable Housing,11224,13,47-Mark Treyger,250
2019,NYC Parks - Kelly Playground,Roadway Improvement,11229,15,48-Chaim M. Deutsch,500
2019,Origins High School,Technology,11235,15,48-Chaim M. Deutsch,35
2019,P.S. 195 Manhattan Beach,Technology,11235,15,48-Chaim M. Deutsch,62
2019,P.S. 197 - The Kings Highway Academy ,Hydroponic Classroom,11210,14,48-Chaim M. Deutsch,175
2019,P.S. 206 Joseph F Lamb,A+ Mobile Science STEM Cart,11229,14,48-Chaim M. Deutsch,62
2019,P.S. 254 Dag Hammarskjold 1801 Avenue Y,Technology,11235,15,48-Chaim M. Deutsch,35
2019,P.S. K811 Connie Lekas School,Technology,11235,15,48-Chaim M. Deutsch,100
2019,"New York Blood Center, Inc.",Medical Equipment,,All borough,All borough,300
2019,NYC DOT,Roadway Improvement,,All borough,All borough,1000
2019,NYC DOT - Greenway,Pedestrian Plaza at the Columbia street waterfront,,All borough,All borough,500
2019,NYC Parks - Bike Path,Roadway Improvement,,All borough,All borough,500
2019,Trench Restoration,Roadway Improvement,(no data),All borough,All borough,50
2018,God's Love We Deliver, Refrigerated Delivery Van For Home Delivered Meals To Brooklyn Clients,11201,All borough,3-Corey Johnson,46
2018,New York Blood Center,Purchase Of Cell Sorter For Research Collaborations,10018,All borough,3-Corey Johnson,103
2018,Beginning With Children Charter School 2 K037,Beginning with Children Charter School 2 Lower School Stem Initiative,11206,1,33-Stephen T. Levin,100
2018,Brooklyn Bridge Park ,Brooklyn Bridge Plaza ,11201,2,33-Stephen T. Levin,1500
2018,Digital Arts and Cinema Technology High School ,Technology For Digital Arts,11201,6,33-Stephen T. Levin,100
2018,District 13's Pre-K Center at Dock Street ,A+Mobile Stem Lab For Pre-K ,11201,13,33-Stephen T. Levin,160
2018,K519 ,Stem And Literacy A+ Labs ,11201,6,33-Stephen T. Levin,205
2018,M.S. 126 John Ericsson M.S. ,Brooklyn Stem Initiative With A+ Stem Labs Inc ,11222,1,33-Stephen T. Levin,200
2018,M.S. 126 John Ericsson M.S. ,Brooklyn Stem Initiative With A+ Stem Labs Inc ,11222,1,33-Stephen T. Levin,175
2018,New York Restoration Project,Bridge Plaza Community Garden,11201,2,33-Stephen T. Levin,250
2018,New York Restoration Project,Bridge Plaza Community Garden,11201,2,33-Stephen T. Levin,100
2018,New York University,The Media Commons At 370 Jay Street,11201,2,33-Stephen T. Levin,598
2018,P.S. 231K ,Public School- Technology Upgrade ,11205,13,33-Stephen T. Levin,115
2018,P.S. 380 John Wayne Elementary ,Stem Lab,11206,1,33-Stephen T. Levin,250
2018,P.S. 8 The Robert Fulton School ,Ps 8 - Technology Upgrade Project ,11201,2,33-Stephen T. Levin,166
2018,Rashan Hoke ,Library/Technology Center ,11217,6,33-Stephen T. Levin,75
2018,"Roulette Intermedium, Inc. ",Film Projection Equipment ,11217,2,33-Stephen T. Levin,66
2018,Science Skills Center High School for Science ,Robotics Lab Upgrade ,11201,13,33-Stephen T. Levin,100
2018,St. Ann's Warehouse ,Sound System Upgrade & Expansion Package ,11201,2,33-Stephen T. Levin,100
2018,St. Francis College ,"Anatomage Tables, Navigator And Screen ",11201,2,33-Stephen T. Levin,180
2018,The Brooklyn Historical Society,Phase Ii - Hvac System Replacements/Upgrades  ,11201,2,33-Stephen T. Levin,500
2018,Brooklyn Navy Yard Development Corporation,Refoundry - Unit Build-Out ,11205,2,33-Stephen T. Levin ,250
2018,Brooklyn Navy Yard Development Corporation,Refoundry - Unit Build-Out ,11205,2,33-Stephen T. Levin ,1000
2018,American Red Cross in Greater New York ,Passenger Vehicle-1 Passenger Vehicle,10019,1,33-Stephen T. Levin ,38
2018,Conselyea Street Block Association ,211 Ainslie Street ,11211,1,34-Antonio Reynoso,500
2018,EBC High School for Public Service Department of Educatio,Hydroponic Garden ,11221,4,34-Antonio Reynoso,75
2018,Grand Street Campus High Schools ,Athletic Field Renovation Grand Street Campus ,11211,1,34-Antonio Reynoso,1000
2018,Grand Street Campus High Schools ,Athletic Field Renovation Grand Street Campus ,11211,1,34-Antonio Reynoso,500
2018,Grand Street Settlement Inc. ,Mobile Van,11206,1,34-Antonio Reynoso,65
2018,I.S. 162 The Willoughby School ,The Willoughby Stem Classroom Program ,11237,4,34-Antonio Reynoso,150
2018,I.S. 162 The Willoughby School ,The Willoughby Stem Classroom Program ,11237,4,34-Antonio Reynoso,350
2018,NYCHA Hope Gardens Community Center ,Modernize Gym,11201,4,34-Antonio Reynoso,100
2018,P.S. 196 Ten Eyck School ,P.S. 196 Stem Lab Mobile Science ,11206,14,34-Antonio Reynoso,250
2018,P.S. 250 George H. Lindsay Magnet School for Communications & Multimedia Arts ,Science Stem Laboratory ,11206,13,34-Antonio Reynoso,200
2018,"P.S. 274, Kosciusko ",One Brooklyn Engineering Pipeline ,11221,4,34-Antonio Reynoso,150
2018,P.S. 368K ,Sensory Room,11206,4,34-Antonio Reynoso,350
2018,P.S. 449- The Brooklyn Latin School ,Technology- Smart Boards And Laptop Carts,11026,1,34-Antonio Reynoso,250
2018,P.S. 449- The Brooklyn Latin School ,Technology- Smart Boards And Laptop Carts,11026,1,34-Antonio Reynoso,250
2018,Southside United HDFC ,Rheingold Project ,11206,4,34-Antonio Reynoso,1000
2018,Fort Greene Park Conservancy ,Myrtle Avenue Corridor Rehabilitation,11207,2,35-Laurie A. Cumbo,1000
2018,Jackie Robinson School P.S. 375,The Future Is Now ,11225,16,35-Laurie A. Cumbo,250
2018,Brooklyn Academy of Science and the Environment,School- Laptop Carts For Environmental School ,11225,9,35-Laurie A. Cumbo,100
2018,Brooklyn Academy of Science and the Environment,School- Laptop Carts For Environmental School ,11225,9,35-Laurie A. Cumbo,100
2018,ACORN Community High School ,Mac Computer Lab,11238,8,35-Laurie A. Cumbo,45
2018,Benjamin Banneker Academy ,Brooklyn Steam Initiative A+ Steam Labs,11205,3,35-Laurie A. Cumbo,205
2018,Benjamin Banneker Academy ,Brooklyn Steam Initiative A+ Steam Labs,11205,3,35-Laurie A. Cumbo,75
2018,Benjamin Banneker Academy for Community Development,Library,11205,2,35-Laurie A. Cumbo,250
2018,"BRIC Arts | Media | Bklyn, Inc","Bric Arts | Media House – Lighting, Audio, And Signage Upgrade",11217,2,35-Laurie A. Cumbo,300
2018,"Brooklyn Academy of Music, Inc. ",Bam Karen (South Site) ,11217,2,35-Laurie A. Cumbo,1000
2018,Brooklyn Arts and Science Elementary School,Science Room And Technology Upgrades ,11238,8,35-Laurie A. Cumbo,100
2018,Brooklyn Botanic Garden ,Garden Education Center ,11225,9,35-Laurie A. Cumbo,1000
2018,Brooklyn Botanic Garden ,Garden Education Center ,11225,9,35-Laurie A. Cumbo,600
2018,Brooklyn Museum ,Building Envelope/African Gallery ,11238,9,35-Laurie A. Cumbo,1000
2018,Brooklyn Music School ,Audiovisual Equipment ,11217,2,35-Laurie A. Cumbo,50
2018,Brooklyn Public Library ,Central Library Civic Center ,11238,9,35-Laurie A. Cumbo,1000
2018,Brooklyn Public Library ,Central Library Civic Center ,11238,9,35-Laurie A. Cumbo,1000
2018,Brooklyn Technical High School,The Eric L. Adams Brooklyn Tech Hs Forensic Science Stem Lab,11217,2,35-Laurie A. Cumbo,750
2018,Crown Gardens Housing Corp.  ,Exterior Facade Upgrade/Ada Bathrooms,11225,9,35-Laurie A. Cumbo,325
2018,Crown Gardens Housing Corp.  ,Exterior Facade Upgrade/Ada Bathrooms,11225,9,35-Laurie A. Cumbo,750
2018,Crown Gardens Housing Corp.  ,Exterior Facade Upgrade/Ada Bathrooms,11225,9,35-Laurie A. Cumbo,325
2018,Jewish Children's Museum ,Jcm Phase Viii - Hall Of Life ,11213,8,35-Laurie A. Cumbo,1500
2018,Medgar Evers College ,Differently-Abled Lab ,11225,9,35-Laurie A. Cumbo,500
2018,Medgar Evers College ,Differently-Abled Lab ,11225,9,35-Laurie A. Cumbo,500
2018,Myrtle Avenue Revitalization Project LDC (MARP),Park Avenue And Crossover Pedestrian Safety Improvements,11205,2,35-Laurie A. Cumbo,500
2018,New Art Publications Inc. dba BOMB Magazine,Bomb Magazine - New Equipment,11217,2,35-Laurie A. Cumbo,43
2018,P.S. 13K351 - Urban Assembly Unison School ,Unison School Hydroponic Greenhouse ,11238,2,35-Laurie A. Cumbo,500
2018,P.S. 13K351 - Urban Assembly Unison School ,Unison School Hydroponic Greenhouse ,11238,2,35-Laurie A. Cumbo,1500
2018,P.S. 161 The Crown ,One Brooklyn Engineering Pipeline,11225,9,35-Laurie A. Cumbo,150
2018,Bedford Stuyvesant Restoration Corp. ,Phase Ii Bht Renovations,11216,3,"36-Robert E. Cornegy, Jr",500
2018,Brooklyn Children's Museum ,Brower Park Family Library ,11213,8,"36-Robert E. Cornegy, Jr",500
2018,Bedford Academy High School,Bedford Academy High School,11216,3,"36-Robert E. Cornegy, Jr",150
2018,Bedford Academy High School,Bedford Academy High School,11216,3,"36-Robert E. Cornegy, Jr",150
2018,Brighter Choice Community School ,Stem Robotiocs Lab,11206,3,"36-Robert E. Cornegy, Jr.",50
2018,Brooklyn Emerging Leaders Academy Charter School,A+ Stem Labs Inc. ,11221,3,"36-Robert E. Cornegy, Jr.",130
2018,Community Partnership Community Partnership,Charter School Charter School M.S. Stem Initiative,11216,3,"36-Robert E. Cornegy, Jr.",100
2018,M.S. 681 - Madiba Prep M.S. ,Madiba Lab Of Innovation ,11221,3,"36-Robert E. Cornegy, Jr.",300
2018,M.S. 681 - Madiba Prep M.S. ,Madiba Lab Of Innovation ,11221,3,"36-Robert E. Cornegy, Jr.",310
2018,Nelson Mandela High School,Fablabs,11213,3,"36-Robert E. Cornegy, Jr.",125
2018,Noel Pointer Foundation,Networked Smart Boards System,11216,3,"36-Robert E. Cornegy, Jr.",71
2018,NYC Health + Hospitals/Woodhull,Hospital - Echo Ultrasound System,11206,3,"36-Robert E. Cornegy, Jr.",224
2018,"P.S. 003, The Bedford Village",One Brooklyn Engineering Pipeline ,11216,3,"36-Robert E. Cornegy, Jr.",150
2018,P.S. 23- The Carter G. Woodson Elementary School,Full Steam Ahead Part Ii ,11206,3,"36-Robert E. Cornegy, Jr.",375
2018,P.S. 308 Clara Cardwell ,Science Cart,11221,3,"36-Robert E. Cornegy, Jr.",50
2018,P.S. 59 William Floyd,One Brooklyn Engineering Pipeline,11206,3,"36-Robert E. Cornegy, Jr.",150
2018,Pathways In Technology Early College High School (P-TECH),A+ Mobile Stem Labs ,11213,,"36-Robert E. Cornegy, Jr.",195
2018,Pathways In Technology Early College High School (P-TECH),A+ Mobile Stem Labs ,11213,,"36-Robert E. Cornegy, Jr.",190
2018,Pratt Institute Brooklyn Fashion + Design Lab Accelerator , Bf+Da - Activated Materials,11206,3,"36-Robert E. Cornegy, Jr.",500
2018,I.S. 187 - The Christa McAuliffe School,Technology Upgrades,11219,10,37-Rafael L. Espinal Jr.,200
2018,I.S. 187 - The Christa McAuliffe School,Technology Upgrades,11219,10,37-Rafael L. Espinal Jr.,200
2018,L.I.S. 171 ,Stem Science Lab ,11208,5,37-Rafael L. Espinal Jr.,150
2018,L.I.S. 171 ,Stem Science Lab ,11208,5,37-Rafael L. Espinal Jr.,150
2018,Aspirations Diploma Plus High School ,School-Wide Technology Upgrade,11233,16,37-Rafael L. Espinal Jr.,250
2018,Brownsville Collaborative M.S. ,Urban Rooftop Garden ,11212,16,37-Rafael L. Espinal Jr.,1500
2018,Brownsville Collaborative M.S. ,Urban Rooftop Garden ,11212,16,37-Rafael L. Espinal Jr.,500
2018,Brownsville Collaborative M.S. ,Science Lab,11212,16,37-Rafael L. Espinal Jr.,75
2018,Brownsville Collaborative M.S. ,Urban Rooftop Garden ,11212,16,37-Rafael L. Espinal Jr.,1000
2018,Edward B. Shallow ,Edward B. Shallow'S Tomorrows Engineers ,11204,11,37-Rafael L. Espinal Jr.,100
2018,Edward B. Shallow ,Edward B. Shallow'S Tomorrows Engineers ,11204,11,37-Rafael L. Espinal Jr.,100
2018,Habitat for Humanity NYC ,Habitat Passive ,11207,5,37-Rafael L. Espinal Jr.,1000
2018,Liberty Avenue Middle School,Stems Carts ,11208,5,37-Rafael L. Espinal Jr.,100
2018,MESA Charter High School,Stem And General Science Labs ,11221,4,37-Rafael L. Espinal Jr.,50
2018,Multicultural High School,Brooklyn Stem Initiative With A+ Stem Labs Inc.,11208,5,37-Rafael L. Espinal Jr.,225
2018,Multicultural High School,Brooklyn Stem Initiative With A+ Stem Labs Inc.,11208,5,37-Rafael L. Espinal Jr.,220
2018,P.S. 007K ,Security Cameras ,11208,5,37-Rafael L. Espinal Jr.,50
2018,P.S. 007K ,Security Cameras ,11208,5,37-Rafael L. Espinal Jr.,350
2018,P.S. 108K ,Public School-Enhancing Steam Initiatives ,11208,5,37-Rafael L. Espinal Jr.,150
2018,P.S. 108K ,Public School-Enhancing Steam Initiatives ,11208,5,37-Rafael L. Espinal Jr.,150
2018,P.S. 503 School of Discovery & Exploration ,One Brooklyn Engineering Pipeline,11220,7,37-Rafael L. Espinal Jr.,150
2018,P.S. 516 - Sunset Park Avenues Elementary School,School - Steam Lab,11232,7,37-Rafael L. Espinal Jr.,125
2018,P.S. 65 ,Computer Labs ,11208,17,37-Rafael L. Espinal Jr.,100
2018,P.S. 65 ,Computer Labs ,11208,17,37-Rafael L. Espinal Jr.,400
2018,"P.S. 971 School of Math, Science and Healthy Living","School Wide ""Go Coding"" Initiative / ""Project Fitness"" Inititative",11220,7,37-Rafael L. Espinal Jr.,100
2018,"P.S. 971 School of Math, Science and Healthy Living",Upgrade Technology For All Students,11220,7,37-Rafael L. Espinal Jr.,100
2018,"P.S. 971 School of Math, Science and Healthy Living",Upgrade Technology For All Students,11220,7,37-Rafael L. Espinal Jr.,100
2018,P.S. I.S. 155 Nicholas Herkimer School ,Virtual Stem Lab And Library ,11233,16,37-Rafael L. Espinal Jr.,250
2018,Summit Academy ,Sustainable Steam And Literacy Program ,11231,6,37-Rafael L. Espinal Jr.,100
2018,Summit Academy ,A+ Steam Labs,11231,6,37-Rafael L. Espinal Jr.,115
2018,Sunset Park High School (15K667) ,High-Tech Library Media Center ,11232,7,37-Rafael L. Espinal Jr.,525
2018,"Turning Point Brooklyn, Inc. ",Mobile Shower Bus ,11220,7,37-Rafael L. Espinal Jr.,308
2018,Wyckoff Heights Medical Center ,Wyckoff Diabetes Center Of Excellence ,11237,4,37-Rafael L. Espinal Jr.,190
2018,Academy for Environmental Leadership,Reso A Science Lab,11237,4,37-Rafael L.Espinal Jr.,1000
2018,Brooklyn New School P.S. 146,Green Roof ,11231,6,39-Brad Lander,500
2018,Brooklyn College Academy ,Smartboards/Chromebook Carts ,11218,7,39-Brad Lander,100
2018,Brooklyn College Academy ,Stem/Chemistry Lab ,11218,7,39-Brad Lander,250
2018,Brooklyn Conservatory of Music ,Bkcm All-Steinway Campaign ,11217,6,39-Brad Lander,600
2018,Harold Ickes Playground ,"Phase 1 To Convert Area Into Bmx Bike, Skate Park, Parkcor Or Multi-Purposse Playin.",11201,6,39-Brad Lander,1000
2018,"MS 266, Park Place Community M.S.",One Brooklyn Engineering Pipeline,11217,6,39-Brad Lander,150
2018,New York-Presbyterian Brooklyn Methodist Hospital,3D Extremity Imaging System,11215,6,39-Brad Lander,198
2018,P.S. 124K Silas B. Dutcher Elementary School ,Stem Fusion At Ps124K ,11215,6,39-Brad Lander,150
2018,P.S. 230- Doris L. Cohen School ,A+ Stem Lab ,11208,15,39-Brad Lander,165
2018,P.S. 230- Doris L. Cohen School ,A+ Stem Lab ,11208,15,39-Brad Lander,149
2018,P.S. 32 Samuel Mills Sprole School ,Ps 32 Computer Lab,11231,6,39-Brad Lander,85
2018,P.S. MS 51 William Alexander M.S.,Computers ,11215,6,39-Brad Lander,150
2018,Prospect Park Alliance ,Parkside Avenue Perimeter Restoration ,11226,14,39-Brad Lander,1000
2018,The Secondary School For Journalism ,A + Stem Labs ,11215,6,39-Brad Lander,125
2018,The Secondary School For Journalism ,A + Stem Labs ,11215,6,39-Brad Lander,125
2018,West Brooklyn Community High School ,Fablabs ,11219,6,39-Brad Lander,125
2018,CAMBA Inc-Bedford - Stuyvesant multi service center ,"Intallation of New Boiler, Modern Fire Alarm Systerm And Roof Replacement",11201,14,40-Mathieu Eugene,2200
2018,Caton Flats HDFC (A to-be-formed HDFC) ,Caton Flats ,11226,14,40-Mathieu Eugene,1000
2018,Caton Flats HDFC (A to-be-formed HDFC) ,Caton Flats ,11226,14,40-Mathieu Eugene,2400
2018,"Friends of Wingate Park, Inc. ",Wingate Track And Field ,11203,9,40-Mathieu Eugene,500
2018,K382,A+ Mobile Stem Labs,11226,17,40-Mathieu Eugene,160
2018,K382,A+ Mobile Stem Labs,11226,17,40-Mathieu Eugene,155
2018,New York City Health + Hospitals/ Kings County,Audio-Visual Patient Education System,11203,17,40-Mathieu Eugene,341
2018,P.S. 217 Col. David Marcus School International School of Arts and Letters,Technology Hardware And Infrastructure Upgrade For P.S. 217,11230,14,40-Mathieu Eugene,350
2018,P.S. 217 Col. David Marcus School International School of Arts and Letters,Technology Hardware And Infrastructure Upgrade For P.S. 217,11230,14,40-Mathieu Eugene,350
2018,"P.S. 397, Foster Laurie ",One Brooklyn Engineering Pipeline,11203,9,40-Mathieu Eugene,150
2018,The School for Human Rights,Computer Project ,11203,17,40-Mathieu Eugene,150
2018,The School for Human Rights,Computer Project ,11203,17,40-Mathieu Eugene,150
2018,Walt Whitman M.S. 246 ,Walt Whitman Steam Lab ,11226,17,40-Mathieu Eugene,100
2018,Walt Whitman M.S. 246 ,Walt Whitman Steam Lab ,11226,17,40-Mathieu Eugene,125
2018,STAR Early College School at Erasmus Hall (17K543),Multimedia Center Room Conversion ,11226,14,40-Mathieu Eugene ,665
2018,Crispus Attucks Elementary School - P.S.21 ,Crispus Attucks Steam Academy/Robotics Lab,11233,3,41-Alicka Ampry- Samuel,300
2018,Brooklyn Collegiate HS ,A+ Stem Lab For Science ,11233,16,41-Alicka Ampry-Samuel,425
2018,Brooklyn Collegiate HS ,A+ Stem Lab For Science ,11233,16,41-Alicka Ampry-Samuel,275
2018,Brownsville Community Development Corporation,Health Cente ,11212,16,41-Alicka Ampry-Samuel,513
2018,Gotham Professional Arts Academy ,Stem Lab/Green Roof Project ,11233,3,41-Alicka Ampry-Samuel,500
2018,Gotham Professional Arts Academy ,Stem Lab/Green Roof Project ,11233,3,41-Alicka Ampry-Samuel,1000
2018,"Howard Houses Tenant Council, Inc.  ",Cameras,11212,16,41-Alicka Ampry-Samuel,200
2018,I.S. 392 ,Stem Labs ,11212,16,41-Alicka Ampry-Samuel,150
2018,I.S. 392 ,Laptop Carts,11212,16,41-Alicka Ampry-Samuel,100
2018,I.S. 392 ,Stem Labs ,11212,16,41-Alicka Ampry-Samuel,160
2018,IS 392 ,Laptop Carts ,11212,16,41-Alicka Ampry-Samuel,100
2018,K135,Canarsie -East Flatbush Engineering Pipeline,11203,17,41-Alicka Ampry-Samuel,150
2018,K235,Canarsie -East Flatbush Engineering Pipeline,11203,17,41-Alicka Ampry-Samuel,150
2018,K244,Canarsie -East Flatbush Engineering Pipeline,11203,17,41-Alicka Ampry-Samuel,150
2018,M.S. 722 New Heights M.S.,Steam Labs/Media Center ,11203,9,41-Alicka Ampry-Samuel,150
2018,M.S. 722 New Heights Middle School,Steam Labs/Media Center ,11203,9,41-Alicka Ampry-Samuel,122
2018,M.S. of Marketing and Legal Studies-18K598 ,"Operation Tech- Upgrading The Computer Lab, Science Lab And Classroom Smart Boards",11203,18,41-Alicka Ampry-Samuel,100
2018,Mott Hall IV k522,A+ Mobile Stem Lab,11233,16,41-Alicka Ampry-Samuel,133
2018,"NYC Partnership Housing Development Fund Company, Inc.",Affordable Housing - Dumont Commons,11212,16,41-Alicka Ampry-Samuel,400
2018,"NYC Partnership Housing Development Fund Company, Inc.",Affordable Housing - Dumont Commons,11212,16,41-Alicka Ampry-Samuel,400
2018,"NYC Partnership Housing Development Fund Company, Inc.",Affordable Housing - Dumont Commons,11212,16,41-Alicka Ampry-Samuel,1000
2018,"NYC Partnership Housing Development Fund Company, Inc.",Affordable Housing - Dumont Commons,11212,16,41-Alicka Ampry-Samuel,400
2018,P.S. 12--Jacqueline Peek-Davis Elementary School,"Stem, Technology And Healthy School Food ",11233,16,41-Alicka Ampry-Samuel,150
2018,P.S. 137 - The Rachel Jean Mitchell School ,Stem Lab ,11233,4,41-Alicka Ampry-Samuel,280
2018,P.S. 191 ,Upper-Academy Science Laboratory ,11233,17,41-Alicka Ampry-Samuel,250
2018,P.S. 191 ,Upper-Academy Science Laboratory ,11233,17,41-Alicka Ampry-Samuel,500
2018,P.S. 191 ,Upper-Academy Science Laboratory ,11233,17,41-Alicka Ampry-Samuel,500
2018,P.S. 191 ,Upper-Academy Science Laboratory ,11233,17,41-Alicka Ampry-Samuel,200
2018,P.S. 191 - Paul Robeson - 17K191,Reso A Library Upgrades ,11233,17,41-Alicka Ampry-Samuel,100
2018,P.S. 191 - Paul Robeson - 17K191,Reso A Library Upgrades ,11233,17,41-Alicka Ampry-Samuel,400
2018,P.S. 191 17K191 ,Individualized Student Learning-Focused Data Inquiry ,11233,17,41-Alicka Ampry-Samuel,200
2018,"P.S. 268, Emma Lazarus ",Mobile Stem Labs ,11203,17,41-Alicka Ampry-Samuel,110
2018,"P.S. 268, Emma Lazarus ",Mobile Stem Labs ,11203,17,41-Alicka Ampry-Samuel,390
2018,"P.S. 284 Gregory ""Jocko"" Jackson School of Sports, Arts & Technology", School - Technology Upgrade,11212,16,41-Alicka Ampry-Samuel,500
2018,P.S. 309 The George E. Wibecan Preparatory Academy,Mobile Stem Labs To Advance Scholarship,11221,3,41-Alicka Ampry-Samuel,110
2018,P.S. 309 The George E. Wibecan Preparatory Academy,Mobile Stem Labs To Advance Scholarship,11221,3,41-Alicka Ampry-Samuel,110
2018,P.S. 644- Eagle Academy II,School Stem Upgrades ,11233,3,41-Alicka Ampry-Samuel,250
2018,"P.S. 770, The New American Academy",One Brooklyn Engineering Pipeline ,11212,17,41-Alicka Ampry-Samuel,150
2018,"P.S./IS 284 Gregory ""Jocko"" Jackson School of Sports, Arts & Technology ",School - Technology Upgrade ,11212,16,41-Alicka Ampry-Samuel,500
2018,P.S.91 The Albany Avenue School ,Technology & Auditorium Upgrade ,11203,17,41-Alicka Ampry-Samuel,100
2018,P.S.91 The Albany Avenue School ,Technology & Auditorium Upgrade ,11203,17,41-Alicka Ampry-Samuel,150
2018,P369K@P5K ,Recess Technology Lab ,11233,3,41-Alicka Ampry-Samuel,250
2018,P369K@P5K ,Recess Technology Lab ,11233,3,41-Alicka Ampry-Samuel,250
2018,Ronald E. McNair Elementary School,5 Steam Academy ,11233,3,41-Alicka Ampry-Samuel,150
2018,Ronald E. McNair Elementary School P.S. 5,Steam Academy ,11233,3,41-Alicka Ampry-Samuel,150
2018,Brevoort Resident Association,Coliseum Repairs And Security Cameras ,11233,3,41-Alicka Ampry-Samuel,500
2018,"City Harvest, Inc. ",Hunger Relief - 24-Foot Refrigerated Truck,11208,5,42-Inez Barron,119
2018,Frederick Douglass Academy VII ,Mobile Wireless Laptop Carts To Support Literacy ,11239,5,42-Inez Barron,125
2018,Frederick Douglass Academy VII ,Mobile Wireless Laptop Carts To Support Literacy ,11239,5,42-Inez Barron,125
2018,K233,Canarsie -East Flatbush Engineering Pipeline,11236,17,42-Inez Barron,150
2018,Kingsborough Early college Secondary School ,Technology ,11214,14,42-Inez Barron,250
2018,Man Up Inc,Emergency Response & Transport Vehicle ,11207,5,42-Inez Barron,46
2018,"NYC Partnership Housing Development Fund Company, Inc. and Radson Development",Linden Terrace,11208,5,42-Inez Barron,500
2018,"NYC Partnership Housing Development Fund Company, Inc. and Radson Development",Linden Terrace,11208,5,42-Inez Barron,500
2018,"NYC Partnership Housing Development Fund Company, Inc. and Radson Development",Linden Terrace,11208,5,42-Inez Barron,500
2018,"NYC Partnership Housing Development Fund Company, Inc. and Radson Development",Linden Terrace,11208,5,42-Inez Barron,500
2018,"NYC Partnership Housing Development Fund Company, Inc. and Radson Development",Linden Terrace,11208,5,42-Inez Barron,500
2018,P.S. 13 ,Technology Now ,11207,5,42-Inez Barron,250
2018,P.S. 13 ,Technology Now ,11207,5,42-Inez Barron,250
2018,P.S. 159- Isaac Pitkin School,School- Electronic Classroom Libraries,11208,5,42-Inez Barron,200
2018,P.S. 165 Ida Posner, Ps 165 ,11212,16,42-Inez Barron,200
2018,P.S. 165 Ida Posner, Ps 165 ,11212,16,42-Inez Barron,200
2018,P.S. 53 K @ Spring Creek,Multi-Sensory Room For Special Needs Students With Autism,11239,5,42-Inez Barron,200
2018,P.S. 677- East New York Elementary School of Excellence,Technology Classrooms ,11208,5,42-Inez Barron,150
2018,P.S. 677- East New York Elementary School of Excellence,Technology Classrooms ,11208,5,42-Inez Barron,150
2018,Performing Arts and Technology High School,15 Smart Boards ,11207,5,42-Inez Barron,54
2018,Riverdale Avenue Community School,Laptop Carts ,11212,16,42-Inez Barron,150
2018,School of the Future Brooklyn 19K663 ,Steam-Lab ,11207,5,42-Inez Barron,150
2018,School of the Future Brooklyn 19K663 ,Steam-Lab ,11207,5,42-Inez Barron,150
2018,"The Floating Hospital, Inc. ",The Floating Hospital - Van Transportation Program ,11236,18,42-Inez Barron,36
2018,Fort Hamilton High School,Fort Hamilton Athletic Field ,11209,10,43-Justin Brannan,1000
2018,I.S. 201 ,Classroom Updgrade ,11228,10,43-Justin Brannan,250
2018,P.S. 170 - Ralph A. Fabrizio ,A+ Mobile Stem Labs ,11209,10,43-Justin Brannan,150
2018,P.S. 170 - Ralph A. Fabrizio ,A+ Mobile Stem Labs ,11209,10,43-Justin Brannan,198
2018,P.S. 176 District 20 Brooklyn ,Stem School Maker Lab ,11219,10,43-Justin Brannan,100
2018,P.S. 176 District 20 Brooklyn ,Stem School Maker Lab ,11219,10,43-Justin Brannan,100
2018,"P.S. 185, Walter Kassenbrock ",One Brooklyn Engineering Pipeline ,11209,10,43-Justin Brannan,150
2018,P.S./I.S. 104, Auditorium Rennovation And Upgrade ,11209,10,43-Justin Brannan,275
2018,"P.S./IS 229, Dyker School ",School - Technology Upgrade To Cafeteria ,11228,11,43-Justin Brannan,200
2018,Ps112 Lefferts Park,P.S.112 - Lefferts Park Classroom Technology Integration,11228,11,43-Justin Brannan,70
2018,Ps112 Lefferts Park,P.S.112 - Lefferts Park Classroom Technology Integration,11228,11,43-Justin Brannan,130
2018,Brooklyn School of Inquiry ,Ps/Is 237 Campus Stemlab ,11204,11,44-Kalman Yeger,1000
2018,Brooklyn School of Inquiry ,Ps/Is 237 Campus Stemlab ,11204,11,44-Kalman Yeger,1500
2018,"Ohel Children's Home and Family Services, Inc.",Ohel Vehicle Acquisition ,11230,14,44-Kalman Yeger,172
2018,P.S. 121 Nelson A. Rockefeller ,"Green House - Life Sciences, Health, And Wellness ",11204,12,44-Kalman Yeger,200
2018,P.S. 164 ,Update Classroom Technology ,11219,12,44-Kalman Yeger,100
2018,P.S. 164 ,Update Classroom Technology ,11219,12,44-Kalman Yeger,100
2018,"P.S. 177, The Marlboro School  ",One Brooklyn Engineering Pipeline,11204,11,44-Kalman Yeger,150
2018,"P.S. 177, The Marlboro School  ",One Brooklyn Engineering Pipeline,11204,11,44-Kalman Yeger,150
2018,P.S. 226 Alfred De B. Mason ,Brooklyn Stem Initiative ,11204,12,44-Kalman Yeger,200
2018,P.S. 226 Alfred De B. Mason ,Brooklyn Stem Initiative ,11204,12,44-Kalman Yeger,200
2018,P.S. 48-Mapleton ,Technology,11204,12,44-Kalman Yeger,70
2018,P.S. 48-Mapleton ,Technology,11204,12,44-Kalman Yeger,428
2018,School Building K096-I.S.096 Seth Low & Success Academy Bensonhurst,K096 Play Yard Renovation Project,11204,11,44-Kalman Yeger,1000
2018,"The Jewish Board of Families and Children's Services, Inc.",2020 Coney Island Renovation ,11223,15,44-Kalman Yeger,800
2018,Andries Hudde JHS ,One Brooklyn Engineering Pipeline,11210,14,45-Farah N. Louis,150
2018,City of New York Parks & Recreation ,Tilden/Shirley Chisholm Community Center ,11203,17,45-Farah N. Louis,1000
2018,K208,Canarsie -East Flatbush Engineering Pipeline,11203,17,45-Farah N. Louis,150
2018,Midwood High School 22K405 ,Computer Rooms ,11210,11,45-Farah N. Louis,100
2018,P.S. 119 ,One Brooklyn Engineering Pipeline ,11210,18,45-Farah N. Louis,150
2018,P.S. 119 ,One Brooklyn Engineering Pipeline ,11210,18,45-Farah N. Louis,110
2018,P.S. 119 Amersfort ,4 Mobile Stem Labs ,11210,18,45-Farah N. Louis,125
2018,Ridgewood Bushwick Senior Citizens Council ,Bethany Senior Homes ,11203,17,45-Farah N. Louis,500
2018,Ridgewood Bushwick Senior Citizens Council ,Bethany Senior Homes ,11203,17,45-Farah N. Louis,500
2018,Victory Collegiate High School 18K576  ,Brooklyn Stem Initiative With + Stem Labs Inc.,11236,18,45-Farah N. Louis,60
2018,P.S./I.S. 109- Glenwood Academy for Science and Technology,One Brooklyn Engineering Pipeline,11203,17,45-Farah N. Louis ,300
2018,P.S. 315K ,Technology Upgrade,11210,18,45-Farah N. Louis ,75
2018,Paerdegat Park - Cristo Rey Brooklyn High School,Paerdegat Park Field Rennovation ,11203,17,45-Farah N. Louis ,250
2018,N.I.S. 78 - Roy H. Mann ,One Brooklyn Engineering Pipeline ,11234,18,46-Alan N. Maisel,150
2018,City of New York Parks & Recreation ,Bildersee Playground Phase 2 ,11234,18,46-Alan N. Maisel,1000
2018,K272,Canarsie -East Flatbush Engineering Pipeline,11236,18,46-Alan N. Maisel,150
2018,K276,Canarsie -East Flatbush Engineering Pipeline,11236,18,46-Alan N. Maisel,150
2018,"P.S. 194 Raoul Wallenberg, 22K194 ",One Brooklyn Engineering Pipeline ,11229,15,46-Alan N. Maisel,150
2018,P.S. 207 ,Brooklyn Stem Initiative With A+ Stem Labs ,11234,18,46-Alan N. Maisel,154
2018,P.S. 207 ,Brooklyn Stem Initiative With A+ Stem Labs ,11234,18,46-Alan N. Maisel,156
2018,"P.S. 222, Katherine R. Snyder Elementary School",One Brooklyn Engineering Pipeline ,11234,18,46-Alan N. Maisel,150
2018,P.S. 277 The Gerritsen Beach School ,One Brooklyn Engineering Pipeline ,11229,15,46-Alan N. Maisel,100
2018,P.S. 277 The Gerritsen Beach School ,One Brooklyn Engineering Pipeline ,11229,15,46-Alan N. Maisel,50
2018,The Science and Medicine MS 366 ,Hospital Teaching Lab ,11236,18,46-Alan N. Maisel,200
2018,Hebrew Language Academy ,Hla Stem Initiative ,11234,18,46-Alan N.Maisel,250
2018,Hebrew Language Academy ,Hla Stem Initiative ,11234,18,46-Alan N.Maisel,250
2018,"Catholic Charities Neighborhood Services, Inc. ",Charles F Murphy Early Childhood Development Center,11224,13,47-Mark Treyger,208
2018,John Dewey High School ,South Brooklyn Stem Pipeline Lab ,11223,13,47-Mark Treyger,150
2018,John Dewey High School ,South Brooklyn Stem Pipeline Lab ,11223,13,47-Mark Treyger,150
2018,Liberation Diploma Plus High ,Gym Upgrade ,11224,13,47-Mark Treyger,1000
2018,LIFE Academy High School for Film and Music,Healthy Life Gardening Hub ,11214,13,47-Mark Treyger,200
2018,Marlboro Houses,Urban Farm And Green House ,11201,13,47-Mark Treyger,12800
2018,P.S. 100- The Coney Island School ,One Brooklyn Enginereeing Pipeline ,11224,13,47-Mark Treyger,150
2018,P.S. 100- The Coney Island School-The Magnet School of Media Arts and Communication,One Brooklyn Enginereeing Pipeline,11224,13,47-Mark Treyger,300
2018,P.S. 101 The Verrazano School ,Stem Lab Creation ,11214,11,47-Mark Treyger,250
2018,P.S. 186 Dr. Irving A. Gladstone ,Technology Upgrade ,11214,11,47-Mark Treyger,200
2018,P.S. 247 ,Stem Upgrade ,11204,11,47-Mark Treyger,100
2018,"Leaders High School, 21K572 ",Technology Upgrade For Collaborative Learning Through Pbats,11214,13,47-Mark Treyger ,50
2018,Coney Island Hospital ,Replace Laser For Genitourinary Clinic ,11235,13,48-Chaim M. Deutsch,127
2018,Goldstein High School for the Sciences ,One Brooklyn Engineering Pipeline ,11235,15,48-Chaim M. Deutsch,175
2018,J.H.S. 234 Arthur W. Cunningham ,Multimedia Studio Music/Broadcasting ,11229,15,48-Chaim M. Deutsch,202
2018,Kings Bay Houses ,Replacement Of Risers And Valves ,11201,15,48-Chaim M. Deutsch,131
2018,"Kingsborough Community College, City University of New York",Hurricane Sandy Repairs ,11201,15,48-Chaim M. Deutsch,1500
2018,Origins High School ,High School Hydroponics Lab / Urban Sustainability Center ,11235,15,48-Chaim M. Deutsch,167
2018,P.S. 195K The Manhattan Beach School ,Technology Center ,11235,15,48-Chaim M. Deutsch,100
2018,P.S. 197 Kings Highway Academy ,One Brooklyn Engineering Pipeline: Marine Park Engineering Pipeline Initiative,11210,14,48-Chaim M. Deutsch,285
2018,P.S. 52 SheeP.S.head Bay School ,A Plus Portable Stem Labs,11235,14,48-Chaim M. Deutsch,156
2018,P.S. 52 SheeP.S.head Bay School ,A Plus Portable Stem Labs,11235,14,48-Chaim M. Deutsch,124
2018,DOT ,Technology Upgrades ,11201,All borough,All borough,100
2018,DOT ,Technology Upgrades ,11201,All borough,All borough,100
2018,FDNY ,Technology Upgrades ,11201,All borough,All borough,190
2018,Marcy Cumminity Center ,Technology Upgrades ,11201,All borough,All borough,500
2018,NYPD ,Technology Upgrades ,11201,All borough,All borough,1000
2018,P.S. 161 The Crown ,Technology Upgrades,11201,All borough,All borough,400
2018,Thomas Park ,Technology Upgrades ,11201,All borough,All borough,100